수집시각,순위,브랜드,상품명,위시수,가격
2026-07-23 04:54,1,CJ웰케어,편안한 밤 필수템 식물성 멜라토닌 1mg 구미 젤리 멜라메이트 1박스 (20구미) 수험생/직장인 선물,5130,9900
2026-07-23 04:54,2,그레인온,[그레인온] 골드 카무트 브랜드밀 효소 3개월(+선물포장)+파인키위효소 증정,4899,45900
2026-07-23 04:54,3,한끼통살,[한끼통살] 닭가슴살 순삭 10팩세트(소스통살5+닭가슴살볼5),6067,19900
2026-07-23 04:54,4,익스트림,아르기닌 증정 남친 활력선물 대한민국 NO.1 김종국 트리플아르기닌 6200 (30포) + 아르기닌 추가 증정,5456,45000
2026-07-23 04:54,5,아일로,"2입 추가 증정 ""선물하기 1등 콜라겐"" 아일로 타입1 콜라겐 비오틴 앰플 28일분 오간자 에디션+ 앰플 2입 추가 증정",12414,65900
2026-07-23 04:54,6,한끼통살,[한끼통살] 단백질 든든형 닭가슴살 21일 식단관리+(증정)전자레인지 용기,1150,38900
2026-07-23 04:54,7,뉴트리디데이,"""이게 바로 찐! 초고함량"" 액상스틱 L-아르기닌 7000 3박스 [케이스 동봉]",1012,30900
2026-07-23 04:54,8,익스트림,아메리카노 증정 에너지 활력선물 [김종국 추천세트]익스트림 아르기닌정 (2개월분) & 밀크씨슬 플러스 (2개월분) + 쇼핑백 증정,22128,25900
2026-07-23 04:54,9,삼대오백,[운동선물/헬스] 삼대오백 모노 크레아틴 100서빙 운동 필수템 +키링증정,4607,17900
2026-07-23 04:54,10,한끼통살,[한끼통살] 닭가슴살 한달 식단패키지 30팩+(증정)보냉백,7852,48900
2026-07-23 04:54,11,삼대오백,[선물/운동]삼대오백 필수 아미노산 EAA 300g 헬스 직장인 수분보충,2414,27900
2026-07-23 04:54,12,CJ웰케어,편안한 밤 필수템 식물성 멜라토닌 1mg 구미 젤리 멜라메이트 1박스 (50구미) 수험생/직장인 선물,1028,18900
2026-07-23 04:54,13,알디콤,[특허성분 고농축 숙취해소제] 알디콤A 선물세트 (5포입 x 3개 구성),4052,25000
2026-07-23 04:54,14,한끼통살,[한끼통살 소스+그릴드 맛보기 10팩] 통살/그릴드 닭가슴살 모음전,8364,23200
2026-07-23 04:54,15,숙취해소제,히말라야 숙취해소제 파티스마트 10개입 2박스 선물세트+[증정] 2개입 5박스+본품 립밤 2개,5474,32000
2026-07-23 04:54,16,익스트림,선물포장 응원 에너지선물 익스트림 김종국 트리플아르기닌 6200 (15포) + 선물 포장,1296,21900
2026-07-23 04:54,17,랩노쉬,"BEST 프로틴모음 [랩노쉬] 프로틴 락커 12종 선물세트 (프로틴 드링크 퍼펙트, 단백쿠키, 단백 쿠키바)",464,24900
2026-07-23 04:54,18,플라이밀,급찐급빠 플라이밀 단백질쉐이크파우치 스타터팩 6가지맛 총6포 + 쇼핑백증정,11962,18900
2026-07-23 04:54,19,랩노쉬,여름한정 메론 출시 [랩노쉬] 프로틴드링크 퍼펙트 350ml 12개입 (초코/바나나/곡물/쿠키앤크림/메론/초당옥수수/카라멜),877,30900
2026-07-23 04:54,20,셀렉스,셀렉스 프로핏 맛있는 완전단백질 250ml 18팩 딸기초코/모카초콜릿/밀크바닐라/바나나+베리오트바 2입 증정,3713,27900
2026-07-23 04:54,21,메디트리,포켓 샐러드 캔디 식이섬유 정 1박스 츄어블 채소 야채 과일 청소년 어린이 선물,8183,15500
2026-07-23 04:54,22,CJ웰케어,응원담은 활력선물 [고함량 에너지] 블랙99 흑삼 아르기닌 & 타우린 1박스 (블루베리맛),13649,9900
2026-07-23 04:54,23,허닭,BEST다모였닭 허닭 닭가슴살 다양하게 즐기기 20종 패키지,18179,27900
2026-07-23 04:54,24,익스트림,선물포장 에너지 활력 선물 익스트림 김종국 트리플아르기닌 6200 10포 + 선물포장,23197,16900
2026-07-23 04:54,25,삼대오백,[운동선물/헬스] 삼대오백 BCAA 오리지널 300g 1통 아미노산 수분 보충,6123,17900
2026-07-23 04:54,26,CJ웰케어,NEW 로우슈가 [식물성 멜라토닌] 1mg 구미 젤리 멜라메이트 1박스 (로우슈가/오리지널 중 택1),4824,9900
2026-07-23 04:54,27,다신샵,식사대용 프로틴 단백질18g 고단백쉐이크 단백한끼 5종 5+5팩,2262,21900
2026-07-23 04:54,28,랩노쉬,고단백 식단간식 [랩노쉬] 단백쿠키 10개입 (5종혼합/더블초코/피넛버터/아몬드앤그린티/리치코코넛),13580,12500
2026-07-23 04:54,29,삼대오백,정제로 간편하게 [삼대오백] 크레아퓨어 크레아틴 고함량 120정 독일산 원료,533,22900
2026-07-23 04:54,30,푸드올로지,[콜라겐 증정] 지중해 엑스트라 버진 올리브오일 캡슐 / 올리브유 캡슐,6366,32800
2026-07-23 04:54,31,한끼통살,[한끼통살] 닭가슴살 2주 식단 패키지 14팩,1668,30000
2026-07-23 04:54,32,오니스트,만족도100% [건강/부모님선물/생일추천] 오니스트 스페셜 기프트 에디션 / 트리플콜라겐 & 트리플샤인 중 택 1,8853,38900
2026-07-23 04:54,33,알디콤,[단독 한정판/쇼핑백 선물] 빵빵이 스트레스볼 랜덤증정 + 알디콤A 숙취해소제 12포입 1박스,2822,29800
2026-07-23 04:54,34,에버콜라겐,"광채/보습/속건조 ""대한민국1등콜라겐"" 에버콜라겐 타임 2박스 60포(2개월)",1168,49900
2026-07-23 04:54,35,그레인온,[그레인온] 골드 카무트 브랜드밀효소G 3개월분+10포증정(총100포),1757,24900
2026-07-23 04:54,36,랩노쉬,고단백 간식 추천 [랩노쉬] 단백쿠키 20개입 (5종혼합/더블초코/피넛버터/아몬드앤그린티/리치코코넛),1174,21900
2026-07-23 04:54,37,랩노쉬,달콤한 식단 선물 [랩노쉬] 단백 쿠키바 틴케이스 선물세트 2종(쿠키앤크림+블랙쿠키/12개입) 프로틴바 단백질바,3963,17900
2026-07-23 04:54,38,삼대오백,[헬스/운동]삼대오백 입문자패키지 BCAA+크레아틴+바이퍼 6캔 부스터 EAA 아르기닌 남친 선물,1137,34900
2026-07-23 04:54,39,프로뉴트리션,체지방감소 다이어트 [단독/보틀 증정] 듀얼플랜 다이어트 유산균 1박스 급찐급빠 체지방 감소+장건강 기능성 맛있는 요구르트맛,347,38500
2026-07-23 04:54,40,삼대오백,[운동/헬스]삼대오백 월드클래스 분말 300g 카페인 운동전 집중 에너지 헬스 부스터,1986,29900
2026-07-23 04:54,41,숙취해소제,술자리 필수 선물 히말라야 숙취해소제 파티스마트 술자리 기프트세트 (4박스+2개입 4박스) +[증정] 보드게임 츄루마불,2010,35000
2026-07-23 04:54,42,뉴케어,1등 완전균형영양식 뉴케어 클래식 구수한맛/검은깨맛 200ml 16입(1BOX) 2종 택1,353,32900
2026-07-23 04:54,43,익스트림,테이핑 증정 러닝/등산 운동추천 익스트림 러닝 액티브 에너지젤 (14포) + 스포츠테이프 증정,604,21000
2026-07-23 04:54,44,셀렉스,셀렉스 프로핏 100% WPI 프로틴 음료 330ml 24팩 초콜릿/코코넛/복숭아,543,54900
2026-07-23 04:54,45,플라이밀,[기프트세트]플라이밀 단백질 프로틴 식사대용 쉐이크 9종 (본품+텀블러+엽서+선물포장),13146,31500
2026-07-23 04:54,46,에버콜라겐,"건강/부모님/생일 ""대한민국1등콜라겐"" 에버콜라겐 타임 50포 (1박스)",1635,44900
2026-07-23 04:54,47,셀렉스,셀렉스 프로핏 100% WPI 프로틴 음료 330ml 12팩 초콜릿/코코넛/복숭아+베리오트바 2입 증정,1856,26900
2026-07-23 04:54,48,알디콤,[쇼핑백 증정] 알디콤Plus 5포입 3개,291,33200
2026-07-23 04:54,49,타이거모닝,[좋은 아침 선물] 진저샷 미니보틀 8개입 (메시지 참 증정),228,29900
2026-07-23 04:54,50,다신샵,탄수DOWN 저당 오늘은현미주먹밥 100g 10종 10팩 / 식단관리,997,19900
2026-07-23 04:54,51,삼대오백,[운동 보충제]최고의 인기 조합 BCAA오리지널+크레아틴 300g 헬스 활력 부스터,804,37900
2026-07-23 04:54,52,푸드올로지,"[보틀 증정] 굶지 않는 5일 비움 루틴, 지중해 오일만 클렌즈 (10회분)",2628,25800
2026-07-23 04:54,53,한끼통살,부족함 없이 인기상품만 넣은 [한끼통살]닭가슴살 Non-stop 올인원 패키지 36팩+[증정]수저세트,758,65900
2026-07-23 04:54,54,삼대오백,"""For 운동하는 헬스인"" 삼대오백 헬스부스터 [카페인 아르기닌]",2281,18900
2026-07-23 04:54,55,플라이밀,플라이밀 단백질쉐이크파우치 9가지맛 1세트 + 쇼핑백증정,2401,31500
2026-07-23 04:54,56,익스트림,선물포장 활력 필수템 익스트림 듀얼 아르기닌 플러스 120정 (2개월분) + 선물포장,2022,15900
2026-07-23 04:54,57,닥터데이알,[수면안대+선물포장 세트] 편안한 밤 식물성 멜라토닌 멜라시럽 (+ 딥 나잇 티 1박스),4630,29800
2026-07-23 04:54,58,종근당,빠른 단백질 충전! 아미코어 프로틴샷 12병 1박스 단백질 아미노산 비타민,667,23800
2026-07-23 04:54,59,셀렉스,카카오단독 셀렉스 테이스티핏 프로틴 간식 멀티팩 선물세트 (단백질 음료+단백질바),1218,16900
2026-07-23 04:54,60,익스트림,쉐이커 증정 순도 100% 익스트림 모노크레아틴 플러스 300g (100일분) + 쉐이커 증정,345,16900
2026-07-23 04:54,61,동국제약,"""고함량 콜라겐 4000mg"" 동국제약 저분자 액상콜라겐 앰플 부스터샷 4000 1박스(14병)+기프트백+비오틴 증정/여자친구",7072,25900
2026-07-23 04:54,62,랩노쉬,고단백 27g [랩노쉬] 프로틴 파우더 블랙업 올인원 단백질 보충제 900g 대용량 (20일),543,30900
2026-07-23 04:54,63,플라이밀,"과일맛 라이블링 애사비 파사비 푸룬 클렌즈 1박스 30포, 6종 택1",1955,25900
2026-07-23 04:54,64,랩노쉬,"식단인 간식선물 랩노쉬 프로틴 스낵 바스켓, 총 13입 (프로틴 미니쿠키,단백 쿠키바,단백쿠키)",8331,20900
2026-07-23 04:54,65,비타민하우스,무더위에 활력선물! 활력충전! 아르기닌 글루타민 아르기닌 6000 2박스 선물 포장 / 메세지 카드 / 생일,1852,19900
2026-07-23 04:54,66,삼대오백,[건강선물] 삼대오백 프리미엄 블랙마카 1통 120정 활력 부스터 운동 건강 선물,489,19900
2026-07-23 04:54,67,더존건강,더존건강 한끼 곤약젤리 150g 15종 각 1팩 체험세트,881,11900
2026-07-23 04:54,68,한끼통살,[한끼통살] 닭가슴살 실속 10팩세트(소스통살3+그릴드2+닭가슴살볼5),1809,19900
2026-07-23 04:54,69,다신샵,운동할때 먹어 단백질충전 패키지(10팩) / 프로틴쉐이크 단백칩 프로틴바,1960,19900
2026-07-23 04:54,70,그레인온,[그레인온] 카무트 브랜드밀 프리미엄 효소90 3개월분+10포+쇼핑백 증정,289,53800
2026-07-23 04:54,71,건강식품,"""단백질음료"" 테이크핏 맥스24G 250mL x 24입 4종(초코맛/고소한맛/바나나맛/호박고구마맛)",891,32900
2026-07-23 04:54,72,타이거모닝,[한 달 아침 루틴 선물] 진저샷 30일팩 (진저샷 3병 / 굿모닝 샷잔 + 메시지 참 증정),547,62800
2026-07-23 04:54,73,GNM자연의품격,힐링 선물 [멜라토닌+마그네슘+테아닌+트립토판] GNM 식물성 멜라토닌 5mg 함유 2박스 (2개월분) / 비타민B 아연,976,31900
2026-07-23 04:54,74,한끼통살,[한끼통살] 한끼통살 첫구매 입문용(5팩) (닭가슴살/스테이크/볼/주먹밥/소시지),453,12600
2026-07-23 04:54,75,익스트림,쉐이커 증정 운동하는 남친선물 익스트림 단백질 흡수극대화 초코맛 밸런스드 프로틴&류신 + 쉐이커 증정,1458,31900
2026-07-23 04:54,76,오니스트,[콜라겐선물] 트리플콜라겐 2박스(28개입),546,69700
2026-07-23 04:54,77,익스트림,선물포장 테토남 추천 익스트림 김종국 블랙마카 1800 120정 (1개월분) + 선물포장,1242,24900
2026-07-23 04:54,78,한끼통살,[한끼통살]냉동고 쟁여템 패키지 (30개입)+적립쿠폰증정 (순한맛/매운맛/BEST맛),26,58500
2026-07-23 04:54,79,플라이밀,"크런치토핑 플라이밀 단백질쉐이크파우치 7개입 1세트, 15가지맛 택1 + 쇼핑백증정",1010,23500
2026-07-23 04:54,80,올바른,"역가수치 50만"" 올바른 곡물효소 프로바이오틱스 블랙 1상자 90포 + 곡물효소 블랙 6포 증정 + 쇼핑백증정",28254,18900
2026-07-23 04:54,81,에버콜라겐,"아연,풍성케어 ""대한민국1등콜라겐"" 에버콜라겐 타임 비오틴 업 60일 (30포 X 2박스)",418,51900
2026-07-23 04:54,82,삼대오백,"[헬스 운동 펌핑 부스터]운동에 진심 인 삼대오백 글리펌프 10,000mg 1BOX 15포운동 부스터 선물",429,11900
2026-07-23 04:54,83,세노비스,"""피부 집중케어"" 세노비스 콜라겐 히알루론산 앰플샷 (20ml/7개입) x 2개 + 손거울 증정",288,32800
2026-07-23 04:54,84,허닭,너무너무 고맙닭 허닭 닭가슴살 럭키세븐 패키지,1462,14900
2026-07-23 04:54,85,알디콤,"[단독구성/쇼핑백 선물] 알디콤 숙취해소제 AVP 3종, 총 15포입",18,28900
2026-07-23 04:54,86,이너시아,맛있는 여름 관리템 [단독 사은품] 카이스트 개발 4세대 이노시톨 14포 (+안내카드),5314,30800
2026-07-23 04:54,87,일동후디스,"""단백질 31g"" 하이뮨 프로틴 밸런스 액티브 다크초코(330ml*12입) 1박스",311,29900
2026-07-23 04:54,88,타이거모닝,[가볍게 전하는 응원] 진저샷 미니보틀 5개입 / 직장인 친구 지인 선물,3386,24900
2026-07-23 04:54,89,오니스트,트리플콜라겐 1박스(14개입),1279,34900
2026-07-23 04:54,90,한끼통살,[한끼통살] 현미 크리스피 닭가슴살 4종 택1 (90gX10팩),73,28000
2026-07-23 04:54,91,플라이밀,[보틀&쇼핑백]플라이밀 단백질 프로틴 식사대용 쉐이크 14종 1통,48,29900
2026-07-23 04:54,92,동아제약,"""USA NO.1 BCAA"" 엑스텐드 제로슈가 bcaa 7,000mg 고함량 50서빙 3가지맛 택1 (50회분)",780,50000
2026-07-23 04:54,93,타이거모닝,[선물 만족도 1등] 진저샷 스타터키트 진저샷 1병 & 샷잔 (메시지 참 증정) / 직장인 친구 지인 선물,4969,30900
2026-07-23 04:54,94,알디콤,[1포 추가 증정] 알디콤Plus 5포입 1개,93,12000
2026-07-23 04:54,95,익스트림,1포 추가 증정 저당 고단백 익스트림 다이어트 단백질쉐이크 3가지맛 택1(곡물맛/초코맛/제주녹차맛),1085,21900
2026-07-23 04:54,96,한끼통살,[한끼통살] 한끼통살 맛보기 닭가슴살 21일 식단관리+(증정)전자레인지 용기,354,38900
2026-07-23 04:54,97,프로티원,선물박스+보틀증정 [단독/쇼핑백/선물포장] 프로티원 단백질 쉐이크 & 보틀 gift 세트 (+ 메세지카드),2359,36900
2026-07-23 04:54,98,마이프로틴,"유럽 NO.1 마이프로틴 드링크 340ml, 2종 6개",16,16900
2026-07-23 04:54,99,랩노쉬,식후컷!최고함량 [닥터랩노쉬] 리얼 애사비 쏙젤리 1박스(14개입) 저당 애플사이다비니거 젤리,539,9900
2026-07-23 04:54,100,다신샵,NO밀가루 식단빵 찐~한 저당 바스크치즈케이크 3종 5팩(오리지널/초코/말차),1961,19900
2026-07-23 04:54,101,숙취해소제,직장인선물 동국제약 이지스마트 필름형 숙취해소제 선물세트 (2매 5개입) 동료 센스있는 선물 술자리 필수템,9657,15900
2026-07-23 04:54,102,마이프로틴,유럽 NO.1 마이프로틴 소프트 단백질 바 45g 10팩 / 3종 택1,13,24300
2026-07-23 04:54,103,랩노쉬,더욱 업그레이드 된 [랩노쉬] 프로틴드링크 퍼펙트 350ml 24개입 (초코/바나나/곡물/쿠키앤크림/메론/초당옥수수/카라멜),1348,56900
2026-07-23 04:54,104,알디콤,"[프리미엄 감사 선물] 알디콤 AVP 3종 기획세트, 총 15포입",2869,30000
2026-07-23 04:54,105,꼬박꼬밥,단독/쇼핑백 꼬박꼬밥 고단저당 단백질 쉐이크 선물세트,183,24500
2026-07-23 04:54,106,다신샵,"""간식먹구 힘내"" 죄책감없이 다신나는간식박스 16종 선물세트 가벼운 단백질 과자",2251,26900
2026-07-23 04:54,107,푸드올로지,"[콜라겐 증정] 레몬 올레샷, 엑스트라 버진 올리브오일 캡슐 / 올리브유 유기농 레몬즙",5023,29800
2026-07-23 04:54,108,익스트림,파우더 컨테이너 증정 운동/헬스 추천 프로틴&보충제 모음전 S7 프리워크아웃 / OPTIMA EAA / 모노크레아틴 / BCAA 중 택1 + 류신 단백질 증정,712,28500
2026-07-23 04:54,109,아젠다,단독+포장 아젠다 스위스산 헤리티지 글루타치온 기프트 패키지 SET,4571,34900
2026-07-23 04:54,110,베노프,피티쌤 추천 부드러운 초코바로 단백질 충전! 베노프 단백질바 1BOX (10개입),855,26900
2026-07-23 04:54,111,다신샵,5팩 맛보기 고단백쉐이크 단백한끼 5종 5팩 / 식사대용 프로틴,916,12900
2026-07-23 04:54,112,셀렉스,셀렉스 프로핏 맛있는 완전단백질 250ml 36팩 딸기초코/모카초콜릿/밀크바닐라/바나나,664,61900
2026-07-23 04:54,113,다신샵,체중조절 식단 저당 다신현미밥상 10종 10팩세트 / 냉동도시락 식단관리,370,43900
2026-07-23 04:54,114,대웅제약,에너지업 젤리 선물 [대웅제약] 에너씨슬 집중샷 10입 샤인머스캣맛 오렌지맛 택1 /잠깨는젤리 식물성카페인 아르기닌 비타민B 직장인선물,172,27900
2026-07-23 04:54,115,삼대오백,[선물추천/운동]삼대오백 WPI 웨이 프로틴 1KG 포대 단백질 쉐이크 헬스 보충제,223,62900
2026-07-23 04:54,116,꼬박꼬밥,단독/쇼핑백 꼬박꼬밥 식사대용 단백질 쉐이크 선물세트,58,23500
2026-07-23 04:54,117,허닭,식단관리 추천템 허닭FIT 저염 고단백 통 닭가슴살 100g 3종 12팩,425,32900
2026-07-23 04:54,118,밀잇,속세맛 선물 밀잇 식단관리 단백질 쉐이크 560g 11종 택1 (전용 보틀증정),509,29900
2026-07-23 04:54,119,한끼통살,[한끼통살] 그릴드 닭가슴살 10종 택1(100gx20팩),229,49900
2026-07-23 04:54,120,에버콜라겐,"고함량비오틴,속건조 [선물패키지+쇼핑백증정] 에버콜라겐 인앤업 비오틴 업 선물세트 (6주 X 2병)",287,79800
2026-07-23 04:54,121,건강식품,"""단백질음료"" 테이크핏 맥스 24G 250mL 혼합세트 (고소한맛 12개+초코맛 12개)",162,32900
2026-07-23 04:54,122,한끼통살,"""닭가슴살 완벽세트"" 보냉백+한끼통살 닭가슴살 15팩세트",910,28900
2026-07-23 04:54,123,한끼통살,[한끼통살] 닭가슴살 콕콕 10팩세트(그릴드5+닭가슴살볼5),270,20400
2026-07-23 04:54,124,다신샵,빵순이에게 NO밀가루 식단빵 10팩 패키지 3종 골라담기 / 두부베이글 치즈케이크 크림빵 고로케 통밀피자 핫도그 브리또,232,28900
2026-07-23 04:54,125,꼬박꼬밥,단독/보틀증정/선물 꼬박꼬밥 식사대용 단백질 쉐이크 대용량 선물세트,52,32900
2026-07-23 04:54,126,삼대오백,"[운동/헬스] NEW 삼대오백 WPI웨이 분리유청 단백질 보충제 프로틴 2kg 1통 (초코,쿠앤크)",124,115000
2026-07-23 04:54,127,삼대오백,"""For 운동하는 헬스인"" 삼대오백 바이퍼 에너지드링크 355ml 12캔묶음 (그린/옐로우/레드)",310,17800
2026-07-23 04:54,128,파지티브호텔,물 붓기만 하면 [파지티브호텔] 지중해 그린민트 밸런스워터 (1box / 14포),2868,21000
2026-07-23 04:54,129,CJ웰케어,편안한 밤 필수템 식물성 멜라토닌 2mg 정제 멜라메이트 1박스 (30정) 수험생/직장인 선물,114,13500
2026-07-23 04:54,130,다신샵,모짜렐라 듬뿍~ 저당 곤약현미떡마리 100g 3종 9팩 / 곤약찰바,485,19900
2026-07-23 04:54,131,마이프로틴,"유럽 NO.1 마이프로틴 드링크 340ml, 2종 12개",21,32900
2026-07-23 04:54,132,다신샵,탄수DOWN '식단간식' 통밀당 시카고씬피자 8종 8팩 골라담기,637,22900
2026-07-23 04:54,133,삼대오백,[간편/헬스]삼대오백 크레아틴 정제 120정 운동 건강 영양제,73,17900
2026-07-23 04:54,134,대웅제약,급속충전 에너지젤리 [대웅제약] 에너씨슬 집중샷 10입 /잠깨는젤리 식물성카페인 아르기닌 비타민B 직장인선물,1162,27900
2026-07-23 04:54,135,GNM자연의품격,운동하는 당신을위한 GNM 아르기닌 6200 타우린 L카르니틴 오르니틴 2박스(총 30포) /블랙마카,3012,29900
2026-07-23 04:54,136,파지티브호텔,"산도 0.1 [파지티브호텔] 지중해 올리브오일 캡슐 쿠파주 (1box / 2캡슐, 30포)",1280,32000
2026-07-23 04:54,137,바르닭,바르닭 겉바속촉 크런치 닭가슴살 6종 세트 (총 6팩),27,17500
2026-07-23 04:54,138,삼대오백,[헬스 회복보충제]삼대오백 글루타민 300g운동 회복 건강 선물,868,19900
2026-07-23 04:54,139,일동후디스,러닝/마라톤 필수템 일동후디스 하이뮨 아미노포텐 러너패키지 1팩 /고함량 아미노산 마라톤 러닝필수템 축구 골프 헬스 에너지겔 에너지젤,12,12900
2026-07-23 04:54,140,GNM자연의품격,GNM 올리브오일 엑스트라버진 식물성 캡슐 30캡슐 x 5박스(총 150캡슐) / 유기농 올리브유 100% 단일품종 스페인산,2677,27900
2026-07-23 04:54,141,한끼통살,헬씨.벌스.데이 [선물포장] 한끼통살 닭가슴살 올인원 케이크 15종(통살5입 + 스테이크5입 + 주먹밥5입),1070,28900
2026-07-23 04:54,142,한끼통살,베스트셀러 통살 모음집 [한끼통살] 닭가슴살 통살만 모았닭 20개입 + 증정,462,47900
2026-07-23 04:54,143,삼대오백,[운동/헬스]삼대오백 BCAA PRO 아미노산 부스터 글루타민,109,31900
2026-07-23 04:54,144,삼대오백,[헬스 운동 프로 부스터] 삼대오백 시그니쳐 부스터 PRO 아르기닌 활력 단독 카페인,613,22900
2026-07-23 04:54,145,푸드올로지,"[보틀증정/센스있는선물] 아침이 가벼워지는 상큼한 습관, 지중해 레몬그린티 (15포)",3030,25800
2026-07-23 04:54,146,삼대오백,"""선물포장"" 삼대오백 아르기닌 or 마카 각각 1박스 [운동, 헬스, 카페인]",165,29900
2026-07-23 04:54,147,밀잇,식사대용 추천 밀잇 식사대용 단백질 쉐이크 4종 택1 (전용 보틀증정),843,20900
2026-07-23 04:54,148,영라뉴,영라뉴 프로틴 핏 쉐이크 7종 장영란 단백질 (곡물흑임자&코코아&스위트콘&피스타치오&쑥라떼&달콤빙수맛&믹스라떼),330,29000
2026-07-23 04:54,149,허닭,헬스인을 위한 허닭 스팀 닭가슴살 6종 20팩 패키지 (+전자렌지용기 증정),1590,40900
2026-07-23 04:54,150,에스더포뮬러,여에스더 글루타치온 필름 1박스 (30매입),1839,24900
2026-07-23 04:54,151,동아제약,"""USA NO.1 BCAA"" 엑스텐드 제로슈가 포도맛 고함량 bcaa 7,000mg 10서빙 (1서빙X10포)",13,59900
2026-07-23 04:54,152,삼대오백,월클패키지 EAA+크레아틴+*바이퍼 24캔*+*월클부스터 포도* [삼대오백 헬스 운동 BCAA 아르기닌],72,99000
2026-07-23 04:54,153,프롬잇,"""입터짐 방지"" 속세맛 단백질과자 프롬잇 프로틴칩 7가지맛 총 7봉 버라이어티팩",67,19900
2026-07-23 04:54,154,랩노쉬,사과초모식초를 맛있게! [클룹] 애사비소다 500ml 12종 24개 골라담기,174,30900
2026-07-23 04:54,155,플라이밀,새콤달콤 라이블링 애사비 파사비 푸룬 클렌즈 스타터팩 6가지맛 총30포,540,26900
2026-07-23 04:54,156,휴닉,휴닉 베지어트 식물성 단백질쉐이크 서리태 810g + 보틀증정 선물세트,122,39900
2026-07-23 04:54,157,동화약품헬스케어,시원한여름선물추천 동화약품 부채표 제로 탄산 매실향 까스활농축액함유 소다활 500ml 24개입,3925,30000
2026-07-23 04:54,158,베노프,시리얼토핑 MAX! 단백질쉐이크 파우치 7개입 세트 (초콜릿시리얼/미숫가루시리얼) 2종 택1,263,27300
2026-07-23 04:54,159,다신샵,밥먹고 힘내 저당&저탄수 현미밥식단 64종 마음대로 골라담기 / 저칼로리 도시락 현미주먹밥 곤약김밥 볶음밥,926,26900
2026-07-23 04:54,160,다신샵,탄수DOWN '식단간식' 통밀당 시카고씬피자 8종 5+5팩 골라담기,230,27300
2026-07-23 04:54,161,뉴케어,카카오 단독제품 '선물하기 단독' 완전균형영양식 간편한끼 뉴케어 구수한맛 7입+오트아몬드 7입 14개입(1BOX),72,32900
2026-07-23 04:54,162,뉴케어,간편한 한끼 영양식 대상웰라이프 뉴케어 오트아몬드맛 완전균형영양식 200ml 24입 1박스,37,43990
2026-07-23 04:54,163,플라이밀,2주세트 플라이밀 단백질쉐이크파우치 14가지맛 1세트+초코맛1포 증정,237,45900
2026-07-23 04:54,164,익스트림,선물포장 가벼운 에너지선물 익스트림 가성비 트리플 아르기닌 5000 (15포) + 선물포장,136,14500
2026-07-23 04:54,165,다신샵,식사대용 프로틴 단백질18g 고단백쉐이크 단백한끼 5종 10+10팩,381,38900
2026-07-23 04:54,166,에버콜라겐,"부모님/생일/건강 ""단독패키지+한정수량증정"" 에버콜라겐 타임비오틴 업 30포(1개월) (콜라겐&비오틴&아연)",5754,26000
2026-07-23 04:54,167,삼대오백,프로패키지 EAA+크레아틴+*바이퍼 12캔* [삼대오백 헬스 운동 부스터 BCAA 아르기닌],382,48900
2026-07-23 04:54,168,종근당,항산화 혈압 건강 종근당 활력코엔자임Q10 플러스 3박스+선물케이스 /코큐텐 항산화 혈압 건강,182,29900
2026-07-23 04:54,169,대웅제약,에너지젤리 [대웅제약] 에너씨슬 집중샷 10입 X 2박스 /잠깨는젤리 식물성카페인 아르기닌 비타민B 직장인선물,94,46900
2026-07-23 04:54,170,동국제약,"""썸머버닝"" 동국제약 마이핏 파라다이스 그레인 버닝 56정 2박스",2920,28900
2026-07-23 04:54,171,설빙(배송),할머니가 타주시던 그 맛!! 설빙 맛있는 옛날 미숫가루 50개입,124,18900
2026-07-23 04:54,172,GNM자연의품격,GNM 코큐텐11 선물세트 1박스(총 6개월분) / 코엔자임Q10 비오틴 비타민B 아연,141,50900
2026-07-23 04:54,173,에스더포뮬러,5억장 판매신화 [전용 선물 패키지] 여에스더 글루타치온 필름 3X 3개입 선물세트 (총 90매),27,77900
2026-07-23 04:54,174,랩노쉬,제로칼로리로 가볍게! [클룹] 애사비소다 500ml 12종 12개 골라담기,405,17900
2026-07-23 04:54,175,아일로,아일로 타입1 콜라겐 비오틴 앰플 14일분 오간자 에디션 (고급 오간자 패키징 + 선물용 쇼핑백),4881,48000
2026-07-23 04:54,176,프롬잇,"""입터짐 방지"" 속세맛 단백질과자 프롬잇 프로틴칩 12봉, 7종 (단일/혼합 맛선택)",5683,29900
2026-07-23 04:54,177,에스더포뮬러,빛나는 하루를 위해 [5억장 판매]  여에스더 글루타치온 필름 2박스 (60매입)(인기 선물 추천),662,45900
2026-07-23 04:54,178,익스트림,쇼핑백 증정 활력 선물 익스트림 듀얼 아르기닌 플러스 240정 (4개월분) + 쇼핑백 증정,509,32900
2026-07-23 04:54,179,GNM자연의품격,힐링 선물 [멜라토닌+마그네슘+테아닌+트립토판] GNM 식물성 멜라토닌 5mg 함유 1박스 (1개월분) / 비타민B 아연,61,17900
2026-07-23 04:54,180,빙그레,"""프로틴 간식"" 더단백 파우더 초코, 곡물 14개입 프로틴 쉐이크",179,33000
2026-07-23 04:54,181,닥터데이알,편안한 밤 수면템 식물성 멜라토닌 3mg 멜라시럽 2박스 (+ 딥 나잇 티 1박스),27,62800
2026-07-23 04:54,182,퍼니트,에너지부스터 고함량 L-아르기닌 파워업 6000 2박스 (30포),1093,17900
2026-07-23 04:54,183,건강식품,"""단백질음료"" 테이크핏 맥스 24G 250mL 혼합세트 (고소한맛 12개+호박고구마맛 12개)",28,32900
2026-07-23 04:54,184,다이어트식품,혈당컷! 체지방컷! 컷슬린 안티-스파이크 포 다이어트 1박스 30포,156,30000
2026-07-23 04:54,185,뉴케어,프리미엄 균형영양식 대상웰라이프 뉴케어 당플랜 클래식 호두맛/인절미맛 200ml 16입(1BOX) 2종 택1,89,37900
2026-07-23 04:54,186,아일로,선물하기 1등콜라겐 아일로 뮤신 콜라겐 젤리 20포 + 선물용 쇼핑백 증정,3281,30000
2026-07-23 04:54,187,삼대오백,[헬스/운동] 삼대오백 크레아틴 츄어블90정 레몬맛,28,29900
2026-07-23 04:54,188,홀베리,삼바존 아사이베리 아마존 리얼 아사이베리 퓨레 2박스,4249,36900
2026-07-23 04:54,189,더존건강,더존건강 한끼 곤약젤리 5가지맛 150g 10팩 1박스,144,8900
2026-07-23 04:54,190,허닭,다양한 맛 선택 허닭 닭가슴살 곤약볶음밥 250g 10종 10팩,537,29900
2026-07-23 04:54,191,셀렉스,마시는 단백질 프로틴 음료 190ml 24입 (오리지널/로우슈거 택1),6,31900
2026-07-23 04:54,192,스키니랩,예쁨+건강선물 [쇼핑백증정]스키니랩 지중해 유기농 올리브 토마토 샷 2박스 라이코펜 엑스트라버진 올리브오일,15,34900
2026-07-23 04:54,193,뉴케어,가벼운 하루 선물! '마시는 식이섬유' 뉴케어 식이섬유 2종 18입 택 1,14,32900
2026-07-23 04:54,194,빙그레,"""프로틴 간식"" 더단백 파우더 초코 곡물 7개입 프로틴 쉐이크",92,20000
2026-07-23 04:54,195,바르닭,바르닭 닭가슴살 말고 닭다리살 패키지 (총 12팩),29,33900
2026-07-23 04:54,196,로엘,맛있는 간식선물 [20팩] 로엘 팅글 저칼로리 곤약젤리 복숭아/머스캣/애플망고/요구르트/석류/제주감귤 달콤한젤리 탱글한식감 젤리선물,5714,15900
2026-07-23 04:54,197,그레인온,[그레인온] 골드 파로효소 캡슐레이션 3개월분+쇼핑백 증정,148,62000
2026-07-23 04:54,198,그레인온,[그레인온] 브로멜라인 파인애플 키위효소 3개월분 + 쇼핑백 증정,36,28900
2026-07-23 04:54,199,글루어트,식후 관리 [글루어트] 애플사이다비니거 유기농 애사비 4종 택4 (오리지널/파인애플/타트체리/유자진저),2,50000
2026-07-23 04:54,200,네이처드림,한 포로 섭취하는 [올토샷4포 키트증정] 리얼 유기농 올리브오일 레몬즙 올레샷 20ml 14포 2박스+선물박스/폴리페놀,69,24900
2026-07-23 04:54,201,허닭,식단관리 응원 허닭 간편 도시락 8종 세트,605,34900
2026-07-23 04:54,202,한끼통살,[한끼통살] 곤약현미볶음밥 10팩 (4종/택1),531,21900
2026-07-23 04:54,203,셀렉스,맛있고 든든한 프로틴 6개입 너츠바/베리오트 택1,15,10900
2026-07-23 04:54,204,다신샵,1.5배 사이즈 저당 오늘은'점보'현미주먹밥 150g 5종 20팩 / 식단관리,147,39900
2026-07-23 04:54,205,플라이밀,"2주플랜 플라이밀 단백질쉐이크파우치 7개입 2세트, 15가지맛 택2",246,38900
2026-07-23 04:54,206,타이거모닝,[간편한 아침 루틴 선물] 커큐민 진저샷 10포 (메시지 참 증정),155,26900
2026-07-23 04:54,207,익스트림,텀블러 증정 운동회복 추천 익스트림 BCAA 타우린 7000+ 300g + 텀블러 증정,291,25900
2026-07-23 04:54,208,글루어트,함량MAX 당류0% [글루어트] 애플사이다비니거 유기농 애사비 4종 택2 (오리지널/파인애플/타트체리/유자진저),14,30000
2026-07-23 04:54,209,GNM자연의품격,GNM 마시는 알부민 맥스 2박스 아르기닌 타우린 비타민B,952,21900
2026-07-23 04:54,210,그로서리서울,[그로서리서울] 고소한 곤약쫀드기 4종 택1(20개입)(핫스파이시/인절미/옥수수/츄러스),1065,15900
2026-07-23 04:54,211,랭킹닭컴,빠삭한 식감 잇메이트 크리스피 닭가슴살 6종 10팩 냉동 단백질 식단,21,28000
2026-07-23 04:54,212,에스더포뮬러,일상속 수분 충전! [전해질&비타민&아미노산&타우린] 여에스더 전해질 워터 데일리 2박스 (20포),19,23820
2026-07-23 04:54,213,CJ웰케어,"편안한 밤 필수템 ""식물성 멜라토닌 2mg"" 멜라메이트 트리플액션 1박스 30정 (수험생 직장인 선물 추천)",15,21900
2026-07-23 04:54,214,한끼통살,[한끼통살] 치밥 주먹밥 3종 택1(10팩),223,14900
2026-07-23 04:54,215,밀잇,요즘대세 선물 밀잇 포켓형 단백질 쉐이크 7개입 세트 9종 택1,486,24500
2026-07-23 04:54,216,뉴트리디데이,선물세트 리얼 유기농 올리브 레몬샷 100% x 2박스 총 28포 + 선물세트 케이스 문구 택1,47,28900
2026-07-23 04:54,217,내츄럴플러스,내츄럴플러스 마시는 아미노 포도당 에너지업 2박스 /아미노산 마시는 포도당,34,24900
2026-07-23 04:54,218,고려은단,물타지 않은 콜라겐 고려은단 석류콜라겐 젤리스틱 14포 / 저분자피쉬콜라겐,248,14000
2026-07-23 04:54,219,마이프로틴,유럽 NO.1 마이프로틴 웨이 단백질 쉐이크 45g 7팩 / 4종 택1,7,20700
2026-07-23 04:54,220,프롬바이오,"든든한 에너지 충전 [리뷰이벤트] 아미노맥스 에너지젤 2520 20포+1포 팔라티노스 9,000mg 아르기닌 BCAA 아미노산 러닝 + 친구 생일",85,34900
2026-07-23 04:54,221,다신샵,단백질 충전 단백할시간 통곡물 프로틴바 카카오 1박스(60gx8개입) 초콜릿 에너지바 운동간식 헬스,363,19900
2026-07-23 04:54,222,익스트림,선물포장 맛있는 활력 선물 익스트림 김종국 아르기닌 젤리스틱 블루베리맛 (14포) + 선물포장,13821,19900
2026-07-23 04:54,223,건강식품,[이영애 효소] '가벼운 하루' 이영애의 건강미식 혼합 SET+효소 4포 증정 (생생효소/새싹효소) 이영애 효소 건강미식 생생 새싹 총,5200,37900
2026-07-23 04:54,224,뉴트리원,"비비랩 듀얼샷 [뉴트리원] 비비랩 올리브 레몬 듀얼샷 (2박스 / 20포) / 올레샷, 올리브오일, 레몬즙",670,43000
2026-07-23 04:54,225,건강식품,에너지 부스터 옥타미녹스 4500++ 60포,11,119000
2026-07-23 04:54,226,바이탈뷰티,"[예뻐지는 비타민] ""상큼한 레몬맛"" 브라이트닝 먹는 리포좀 레티놀 슈퍼레티놀 30포",2021,22400
2026-07-23 04:54,227,랩노쉬,고단백 식단간식 [랩노쉬] 단백 쿠키바 2종 24개입 (블랙쿠키/쿠키앤크림) 프로틴바,895,25900
2026-07-23 04:54,228,에버콜라겐,"건강/부모님/생일 ""단독패키지+한정수량증정"" 에버콜라겐 타임 30포(1개월) (GPH저분자콜라겐펩타이드)",7068,26000
2026-07-23 04:54,229,뉴트리원,[뉴트리원] 파라다이스 그레인 부스트 1박스,0,13900
2026-07-23 04:54,230,GNM자연의품격,GNM 수용성 리포좀 커큐민 플러스 강황 30정 X 2박스(총 2개월분) / 1정당 커큐미노이드 200mg 함유,72,28900
2026-07-23 04:54,231,네이처드림,[선물박스] 지중해 트리플 올리브오일 식물성캡슐(500mg x 3캡슐) 14포 3박스,6,39900
2026-07-23 04:54,232,푸드올로지,"[48시간 리셋] 중요한 날 전 가벼운 비움, 클렌즈 주스 3종 택1",4107,24800
2026-07-23 04:54,233,삼대오백,[헬스 운동 선물]삼대오백 시그니쳐 월클펌프 부스터80g 1BOX 15포 카페인 집중 펌핑 간편 부스터,818,27900
2026-07-23 04:54,234,삼대오백,[운동/선물] 삼대오백 고함량 아르기닌 6300+ 크레아퓨어크레아틴 정제120정(독일산) 쉐이커키링 증정,22,29900
2026-07-23 04:54,235,한끼통살,헬창저격케이크 [선물포장] 한끼통살 닭가슴살 케이크 15종(통살10입+그릴드5입),645,33900
2026-07-23 04:54,236,프롬잇,"""초코먹고 힘내"" 프롬잇 달콤한 저당 프로틴 아몬드 초코볼 2박스(10개입)",5767,32900
2026-07-23 04:54,237,삼대오백,[선물추천/운동]삼대오백 바이퍼 에너지드링크 355ML 24캔(그린/옐로우/레드),173,29900
2026-07-23 04:54,238,랩노쉬,고단백 영양간식 [랩노쉬] 단백 쿠키바 2종 12개입 (블랙쿠키/쿠키앤크림) 프로틴바,3004,13900
2026-07-23 04:54,239,헬스헬퍼,퍼포먼스/회복UP 에너지워터 맥스컷 아미노마이트 프로 20포 1박스,9,29800
2026-07-23 04:54,240,에스더포뮬러,여에스더 리포좀 글루타치온 필름 1박스 (30매입),364,49000
2026-07-23 04:54,241,꼬박꼬밥,단독/쇼핑백 [1+1][신상]꼬박꼬밥 플러스 단백질쉐이크 선물세트,7,55000
2026-07-23 04:54,242,삼대오백,[헬스/선물] 삼대오백 펌핑팩 월클펌프+글리펌프 1BOX 15포씩,466,34900
2026-07-23 04:54,243,내츄럴플러스,내츄럴플러스 프리미엄 마시는 난백 알부민 맥스 30개입 1박스(750ml) +쇼핑백,3159,22900
2026-07-23 04:54,244,일동후디스,"고단백 음료선물추천 ""고단백 단백질 균형영양"" NEW 하이뮨 프로틴 밸런스 음료 190ml 2box",168,38500
2026-07-23 04:54,245,라이필,라이필 더마콜라겐 시그니처 RN 3입,19,110000
2026-07-23 04:54,246,휴럼,오늘도 활력충전! [휴럼] 얼티밋 트리플 아르기닌 7000 1박스 타우린 블랙마카 레몬맛 액상스틱,105,11500
2026-07-23 04:54,247,종근당건강,종근당건강 아임비타 멀티비타민 멀티비타민 아르기닌샷 레몬맛(액상+정제 2정) 14포,186,22900
2026-07-23 04:54,248,로엘,저칼로리간식 [10팩] 로엘 팅글 저칼로리 곤약젤리 복숭아/머스캣/애플망고/요구르트/석류/제주감귤,1180,9900
2026-07-23 04:54,249,대상웰라이프,에너지젤프로 파인애플맛 체험팩 증정 1등 운동러 필수템 뉴케어 스포식스 에너지젤2종(청포도맛/복숭아맛) 총 2BOX(16포),326,26900
2026-07-23 04:54,250,삼대오백,"""지친 분께 힘나는 선물"" 삼대오백 아르기닌 4박스 + 선물상자",82,59900
2026-07-23 04:54,251,순수식품,고함량 아르기닌 10000 1박스(100포) 분말 타우린,669,24900
2026-07-23 04:54,252,메디트리,곡물 효소 38발효효소 3g 30포 소화 효소 곡물효소 아밀라아제 프로테아제,312,13800
2026-07-23 04:54,253,종근당,항산화 혈압건강 종근당 활력 코엔자임Q10 플러스 2박스+선물케이스/코큐텐 항산화 혈압건강,213,21900
2026-07-23 04:54,254,내츄럴플러스,내츄럴플러스 브로멜라인 퀘르세틴 플러스 2박스 / 파인애플,65,23900
2026-07-23 04:54,255,허닭,냉장고가 필요 없는 허닭ON 촉촉 실온 닭가슴살 120g 20팩,1177,49900
2026-07-23 04:54,256,내츄럴플러스,내츄럴플러스 에너지 포도당 캔디 100정 1통 / 블루베리맛,30,10900
2026-07-23 04:54,257,아일로,아일로 화이타치온 (4g X 30포),266,44900
2026-07-23 04:54,258,GNM자연의품격,GNM 이성경 석류콜라겐젤리 스틱 2박스 (총 30포) / 300달톤,2955,21900
2026-07-23 04:54,259,GNM자연의품격,GNM 마시는 알부민 맥스 3박스 아르기닌 타우린 비타민B,5245,29900
2026-07-23 04:54,260,한끼통살,[한끼통살] 닭가슴살 소시지 꼬치형 3종 택1(10팩),350,12900
2026-07-23 04:54,261,푸드올로지,콜레올로지 알파 CD 컷팅 파우더 1박스(14포),109,29800
2026-07-23 04:54,262,동국제약,마이핏V 콜린 이노시톨 4000 2박스+기프트백,22,49900
2026-07-23 04:54,263,산과들에,아침 거르지 말아요 고소한 미숫가루스틱 25g x 25봉 외 (식사대용/스틱형 미숫가루),287,9900
2026-07-23 04:54,264,푸드올로지,[20g 고단백 프로틴 쉐이크] 헤이 그로우 7개입 / 검은콩 검은깨 하수오 비오틴,4150,29800
2026-07-23 04:54,265,일동후디스,"[단백질음료 선물] ""간편하게 마시는 단백질"" 하이뮨 프로틴 밸런스 음료 1박스",215,20800
2026-07-23 04:54,266,삼대오백,삼대오백 WPC 1KG 패키지 헬스 운동 단백질 프로틴,1907,54900
2026-07-23 04:54,267,다신샵,1.5배의 든든함 저당 오늘은'점보'현미주먹밥 150g 5종 10팩 / 식단관리,969,23900
2026-07-23 04:54,268,삼대오백,[운동/건강선물] 삼대오백 비트루트 액상스틱 1BOX 15포,15,19900
2026-07-23 04:54,269,한끼통살,[한끼통살] 그릴드 닭가슴살 10종 택1(100gx10팩),321,25900
2026-07-23 04:54,270,랩노쉬,달콤식단선물 [랩노쉬] 리미티드 에디션 더 쿠키박스 선물세트 (단백쿠키 10개+쿠키바 4개),866,19900
2026-07-23 04:54,271,GNC,"고함량 액상마그네슘 GNC 아르기닌, 마그네슘 부스터 샷 , 멀티비타민 이뮨 샷 택 1",5438,39900
2026-07-23 04:54,272,오니스트,[Ownist Garden Edition] 트리플콜라겐 2박스(28개입),75,83400
2026-07-23 04:54,273,동국제약,"""편안한 밤을 위해"" 동국제약 마이핏 100% 식물성 멜라토닌 함유 멜라민즈 2박스+쇼핑백",3396,29900
2026-07-23 04:54,274,GNM자연의품격,항산화 건강을 위한 GNM 코엔자임Q10 비타민 미네랄 10종 2박스 (2개월분) / 코큐텐 비타민B 비오틴 엽산 아연,508,18900
2026-07-23 04:54,275,오니스트,[선물하기 단독 파우치] 오니스트 이너뷰티 스타터 세트(14개입) / 직장인& / 트리플콜라겐&트리플샤인 중 택 1,1188,38900
2026-07-23 04:54,276,로엘,저칼로리곤약젤리 [40팩] 로엘 팅글 저칼로리 곤약젤리 복숭아/머스캣/애플망고/요구르트/석류/제주감귤,1597,26900
2026-07-23 04:54,277,바르닭,바르닭 촉촉 소스품은 닭가슴살 10종 세트 (총 10팩),15,29900
2026-07-23 04:54,278,캔틴나인,"백만역가 프리미엄 서퍼데이 브이효소, 여성선물 만족도 100% (가족/엄마/여친선물) 30포",6789,28800
2026-07-23 04:54,279,삼대오백,[선물/단독] 삼대오백 크레아틴 츄어블18정 X 2통 선물포장 레몬맛 건강 헬스 운동,17,16900
2026-07-23 04:54,280,익스트림,쇼핑백 증정 직장인 가성비 익스트림 김종국 가성비 마카800 플러스 180정 (3개월분) + 쇼핑백 증정,65,24000
2026-07-23 04:54,281,한끼통살,[한끼통살] 닭으로만 채운 31일 식단 챌린지+증정 식단 카달로그 (닭가슴살/그릴드/닭가슴살볼/스테이크/닭다리),1843,108000
2026-07-23 04:54,282,바디랩,솔티드다이아 미네랄 용융소금 3g 30포 x 1박스 / 100% 국내산 간편휴대 스틱 운동 컨디션 개별포장,10,14900
2026-07-23 04:54,283,에스더포뮬러,피부건강기능성 인정 [콜라겐X비오틴X레티놀] 여에스더 어린콜라겐 비오틴 레티놀A 플러스업 2박스,82,42900
2026-07-23 04:54,284,베노프,"""찐~한 초코바st 식단템"" (청키초콜릿/ 트러플피넛버터초콜릿) 베노프 단백질바 라이트 1BOX(10개입)",335,20000
2026-07-23 04:54,285,고려은단,고려은단 코엔자임Q10 90캡슐,44,21000
2026-07-23 04:54,286,아젠다,단독+포장 아젠다 스위스산 헤리티지 글루타치온 프리미엄 2개입 스페셜 기프트 패키지 SET,1871,59000
2026-07-23 04:54,287,삼대오백,"""신규맛 출시 대용량"" 삼대오백 오리지널 EAA 700g 1통 [헬스 운동 BCAA EAA 단백질 ]",310,59900
2026-07-23 04:54,288,로엘,활기찬하루의시작 로엘 웰업 L-아르기닌6000 젤리스틱 (25gx14포) 3박스 / 에너지활력 타우린함유,33,37900
2026-07-23 04:54,289,올바른,"""역가수치 50만"" 올바른 곡물효소 프로바이오틱스 블랙 90포 X 2박스 + 쇼핑백 증정",392,37900
2026-07-23 04:54,290,티지알앤,맛있는 ABC GRN 달달한 저칼로리 ABC 하루톡 곤약젤리 1BOX (60EA) + 쇼핑백 증정 자연과 ABC 하루톡 곤약젤리 150g,16,59900
2026-07-23 04:54,291,일등네이처,김소형원방 석류 콜라겐 시너지업 25g x 30포,13,28400
2026-07-23 04:54,292,뉴트리원,"지중해식 모닝루틴 [뉴트리원] 비비랩 피쿠알 엑스트라버진 올리브오일 1박스(30포) /올리브오일, 엑스트라버진",2937,35000
2026-07-23 04:54,293,건강식품,"""단백질음료"" 테이크핏 맥스24G 초코맛 250mL 12입",37,24000
2026-07-23 04:54,294,건강식품,"""단백질음료"" 테이크핏 맥스24G 초코맛 250mL x 24입",72,32900
2026-07-23 04:54,295,익스트림,선물포장 러닝/마라톤 필수템 익스트림 7K 에너지젤 7개입 X 1박스 (일주일분) + 헬스테이프 증정,3055,15900
2026-07-23 04:54,296,셀렉스,"밀세라 콜라겐 10,000mg 고함량 드링크 (125ml X 24입) / 레몬소다맛",13,33000
2026-07-23 04:54,297,메디트리,백만 역가수치 카무트 곡물 효소 골드 30포 2박스 호라산밀 발효 유산균 분해,160,33900
2026-07-23 04:54,298,건강식품,테이크핏 몬스터 고소한맛 350ml x 6개 + 테이크핏 몬스터 초코바나나맛 350ml x 6개,17,34200
2026-07-23 04:54,299,베노프,"고단백 영양간식 ""단백질에 진심인 친구에게"" 단백질 쉐이크 파우치 1박스(7개입) + 단백질 라이트바 1박스 (10개입)",150,44500
2026-07-23 04:54,300,다신샵,체중조절 식단 저당 다신현미밥상 10종 1주세트(5팩) / 냉동도시락 식단관리,181,27500
2026-07-23 04:54,301,셀렉스,셀렉스 프로핏 100% WPI 초콜릿 파우더 대용량 1kg,277,67000
2026-07-23 04:54,302,플라이밀,초모함량UP 라이블링 애사비 딥클렌즈 1박스 30포 (자두/파인애플),75,27900
2026-07-23 04:54,303,한끼통살,[한끼통살] 오븐 순살 닭다리 8종 택1(10팩),91,31200
2026-07-23 04:54,304,랩노쉬,NEW 신규맛 출시 [랩노쉬] 슬림쉐이크 단백질 쉐이크 6종 (7개입),637,22900
2026-07-23 04:54,305,슬로우글로우,콜라겐선물 콜라겐 피치 핏치 구미 30구미,7288,18900
2026-07-23 04:54,306,다신샵,간식먹고 힘내 입터짐방지스낵 25종 마음대로 골라담기 / 식단과자 단백칩 콘칩 프로틴바 곤약팝콘 쉐이크 초코,2564,14900
2026-07-23 04:54,307,에버콜라겐,"고함량 비오틴,탈모 ""남성콜라겐""""대한민국1등콜라겐"" 에버콜라겐 블랙 (비오틴, 맥주효모, 아연) 4주분 X 1병",78,39900
2026-07-23 04:54,308,삼대오백,"""헬스 데일리 패키지"" 삼대오백 크레아틴 정제120정+바이퍼 12캔[ 헬스 운동  간편 부스터 아르기닌]",31,29900
2026-07-23 04:54,309,레모나,"""레모나 올레샷"" 경남제약 엑스트라버진 올리브오일 2박스(28포) + 레모나산 30포 SET +쇼핑백",4,28900
2026-07-23 04:54,310,꼬박꼬밥,단독/쇼핑백 [신상]꼬박꼬밥 플러스 단백질쉐이크 선물세트,14,31900
2026-07-23 04:54,311,노티드(건강),맛있는 납작복숭아맛 [리유저블백 증정] 노티드 촉촉 제로슈가 콜라겐앰플 1박스 7개입 + 쇼핑백 증정 / 납작복숭아맛 콜라겐 히알루론산,4135,20000
2026-07-23 04:54,312,다신샵,NO밀가루 식단빵 찐~한 저당 바스크치즈케이크 3종 10팩(오리지널/초코/말차),258,29900
2026-07-23 04:54,313,허닭,허닭ON 실온 50kcal 부담없는 곤약밥130g 20개 (1박스),13,39900
2026-07-23 04:54,314,래오이경제,건강선물 영양만점 이경제 NEW 더힘찬선식 100 1박스 (50포) 아침식사대용,22,42000
2026-07-23 04:54,315,플라이밀,1일1포 라이블링 애사비 파사비 젤리 5종 1박스 (복숭아/레몬/자몽/샤인머스캣/매실),145,12900
2026-07-23 04:54,316,뉴트리디데이,"선물포장/문구선택 ""에너지 부스트"" L아르기닌 1000mg 1병 + 블랙마카 파워 2000 1병 + 선물케이스 택1",2654,23900
2026-07-23 04:54,317,동국제약,"""4인 모임 파티 패키지"" 이지스마트 숙취해소제 필름 2매x4박스+구미츄 3개입x4박스+이뮨4병+센랑이부채4개+기프트백 증정",2240,33900
2026-07-23 04:54,318,삼대오백,[운동/헬스] 삼대오백 크레아틴 300g+ 바이퍼6캔+쉐이커키링 증정 카페인 아르기닌 제로,1315,20900
2026-07-23 04:54,319,네이처드림,역가수치 75만 [선물박스] 브로멜라인 파인애플 효소 맥스 3g 30포 3박스,13,26900
2026-07-23 04:54,320,랩노쉬,사르르 녹는 쿠키 [랩노쉬] 프로틴 미니 쿠키 10개입 (2종혼합/버터초코칩/더블초코),18,18900
2026-07-23 04:54,321,홀리데이즈,"""고역가수치 파인땡큐"" 브로멜라인 리얼 파인애플 발효효소 1박스 30포",157,8900
2026-07-23 04:54,322,다신샵,탄수화물 저감특허 저당 곤약꼬마김밥 7종 5팩 / 냉동김밥 식단관리,452,19900
2026-07-23 04:54,323,건강식품,"[영진약품] 타우린 L-아르기닌 1000골드(180정,6개월분) 1박스",16,19500
2026-07-23 04:54,324,셀렉스,셀렉스 프로틴 너츠바 선물세트 (50gx12개),116,17900
2026-07-23 04:54,325,다신샵,95kcal 즉석밥 저당 밥이곤약 2종 1박스(20개입),109,33900
2026-07-23 04:54,326,다신샵,탄수화물 저감특허 저당 곤약꼬마김밥 7종 5+5팩 / 냉동김밥 식단관리,85,31900
2026-07-23 04:54,327,네이처드림,순수발효식초 유기농 애플사이다비니거100 14포 3박스/애사비 천연 사과초모식초,9,28900
2026-07-23 04:54,328,더존건강,더존건강 깔라만시 원액 100% 1L 3팩(보틀증정),21,33900
2026-07-23 04:54,329,꼬박꼬밥,단독/보틀증정/포장 꼬박꼬밥 고단저당 단백질 쉐이크 대용량 선물세트,57,24500
2026-07-23 04:54,330,에스더포뮬러,체지방 감소 기능성 [다이어터를 위한 체지방&혈당&배변 솔루션] 여에스더 L-카르니틴 부스터 1박스 (14포),40,20300
2026-07-23 04:54,331,건강식품,"""단백질음료"" 테이크핏 맥스 24G 250mL 혼합세트 (고소한맛 12개+바나나맛 12개)",10,32900
2026-07-23 04:54,332,나우푸드,나우푸드 맥주효모 & 블랙마카 60정 (2개월분),1,19900
2026-07-23 04:54,333,알파원,"""근력운동필수"" 블랙컴뱃 x 옵티젠 알파원 크레아틴 모노하이드레이트 300g/전해질파우더 30포 택1 (+블랙컴뱃 팔찌)",57,29900
2026-07-23 04:54,334,동국제약,동국제약 마이핏S 핑크핏 알파CD 2박스,12,26940
2026-07-23 04:54,335,푸드올로지,[저당/단백질 24g] 헤이! 스무디 웰니스 프로틴 아사이 볼 쉐이크 1박스 7포,3948,19900
2026-07-23 04:54,336,에스더포뮬러,코엔자임Q10 [혈압 & 항산화 케어 특별 배합] 여에스더 코큐텐 컴플렉스 2박스,24,23820
2026-07-23 04:54,337,메디트리,사과맛 애사비 오독오독 애사비 크런치 볼 30포 2박스 식초 사과초모 발효식초,306,29900
2026-07-23 04:54,338,다신샵,모짜렐라 듬뿍~ 저당 곤약현미떡마리 100g 3종 15팩 / 곤약찰바,85,28900
2026-07-23 04:54,339,에스더포뮬러,No.1 프리미엄 [전용 선물 패키지] 여에스더 리포좀 글루타치온 필름 3개입 선물세트 (총 90매)(인기 선물 추천),289,96000
2026-07-23 04:54,340,베노프,시리얼토핑 MAX! 단백질쉐이크 600g (카라멜너티초코/초콜릿/미숫가루 등) 7종 중 택1 (+보틀증정)*,1126,33900
2026-07-23 04:54,341,음료,박카스맛 젤리 50g x 8개입,854,11000
2026-07-23 04:54,342,랩노쉬,랩노쉬 프로틴쉐이크 2종 14개입 (마롱라떼7+곡물퐁7),104,48900
2026-07-23 04:54,343,나우푸드,나우푸드 코큐텐 100mg 60캡슐 (2개월분),119,40000
2026-07-23 04:54,344,프롬잇,"""초코먹고 힘내"" 당을 쏙 뺀 달콤한 단백질 초코간식세트 (단백질과자3개+저당초코볼2개)",5475,21900
2026-07-23 04:54,345,네이처드림,[선물박스] 지중해 트리플 올리브오일 식물성캡슐(500mg x 3캡슐) 14포 2박스,5,27900
2026-07-23 04:54,346,바디랩,바디랩 아임 샐러드밀 30g 21포 x 1박스 / 분말 식이섬유 동결건조 자연원물 관리 첨가물 제로,13,24900
2026-07-23 04:54,347,동국제약,동국제약 이지스마트 필름형 숙취 해소 선물세트(2매+2매) / 직장인선물 술자리선물,66,12900
2026-07-23 04:54,348,에스더포뮬러,하루 한 포 애사비 유기가공식품 인증 여에스더 유기농 애플사이다비니거 100% 2박스 (28포),27,23820
2026-07-23 04:54,349,뉴트리원,"비비랩 듀얼샷 [뉴트리원] 비비랩 올리브레몬 듀얼샷 (1박스 / 10포) / 올레샷, 올리브오일, 레몬즙",58,23300
2026-07-23 04:54,350,닥터린,[닥터린] 식물성멜라토닌 함유 멜라바인 1mg x 1박스+쇼핑백증정,35,15000
2026-07-23 04:54,351,트루엔뉴트리션,일상 활력선물 Awesome 아르기닌 임팩트 5000 (7포) + GIFT 쇼핑백(소),1,8910
2026-07-23 04:54,352,다신샵,당땡긴다 달콤함이 필요할때 저당 달달힐링 간식세트(18종) / 단백질쉐이크 단백칩 에너지바,302,29900
2026-07-23 04:54,353,랩노쉬,국민 간식 웨하스 [랩노쉬] 프로틴 웨하스 2종 10개입 (초코/레몬),8,19900
2026-07-23 04:54,354,푸드올로지,[건강 선물 추천/쇼핑백 증정] 리포좀 커큐민 레드비트 진저샷 1박스 (+쇼핑백 증정) / 직장인 수험생 이직 건강 선물,3183,19800
2026-07-23 04:54,355,랭킹닭컴,추천선물 너에게 선물한닭 랭킹닭컴 BEST 식단관리 소스 닭가슴살/크리스피/소프트/볼 선물세트 패키지,3626,19800
2026-07-23 04:54,356,퍼니트,운동부스터 활력충전 고함량 L-아르기닌 파워업 6000 15포,130,11900
2026-07-23 04:54,357,로엘,저칼로리곤약젤리 [30팩] 로엘 팅글 저칼로리 곤약젤리 복숭아/머스캣/애플망고/요구르트/석류/제주감귤,308,20900
2026-07-23 04:54,358,건강식품,[엔업] 파워젤 팔라티노스 자몽 270g(45g*6포)*2세트,18,22900
2026-07-23 04:54,359,대웅생명과학,대웅생명과학 녹차 카테킨 다이어트 플러스 2박스 4개월분 / 체지방감소 항산화 콜레스테롤 케어,11,23900
2026-07-23 04:54,360,네이처드림,하루 한포 건강습관 락토페린 유산균 30포 3박스/초유단백질,6,22900
2026-07-23 04:54,361,푸드올로지,제로 슈거 애사비 크리스피 20포(1박스) 3종 택 1 / 유기농 애플사이다비니거 초모 식초,5773,12900
2026-07-23 04:54,362,오니스트,트리플샤인 포도 1박스(14개입),410,34900
2026-07-23 04:54,363,삼대오백,"""활력 패키지""삼대오백 아르기닌 6300+바이퍼 에너지 그린 6캔 헬스 운동 부스터",12,19900
2026-07-23 04:54,364,닥터데이알,[힐링 수면템 수면안대 증정] 무카페인 편안한 밤 딥 나잇 티 차 세트 (+ 딥 나잇 티 1박스 추가 증정),6365,24000
2026-07-23 04:54,365,CJ웰케어,여성건강 필수템 [식물유래 이노시톨] 이너비 밸런스 이노시톨 스틱 젤리 1박스 (10입),60,9900
2026-07-23 04:54,366,닥터린,[닥터린] 저분자 모발 콜라겐 플러스 1박스 +쇼핑백,2,17000
2026-07-23 04:54,367,네이처드림,리얼 양배추 사과스틱 20g 14포 1박스+쇼핑백/양배추즙/브로콜리/사양벌꿀,1,9900
2026-07-23 04:54,368,다신샵,탄수DOWN 저당 오늘은현미주먹밥 100g 10종 20팩 / 식단관리,184,32900
2026-07-23 04:54,369,한끼통살,[한끼통살] 통살 닭가슴살 20종 택1(100gx10팩),1479,24700
2026-07-23 04:54,370,에스더포뮬러,레몬 영양을 그대로 물 한 방울 섞지 않은 100% 여에스더 NFC 유기농 레몬즙 100% 1박스,4,15400
2026-07-23 04:54,371,숙취해소제,센스있는선물 술자리 필수템 동국제약 이지스마트 필름형 숙취해소제 선물세트 (2매 8개입) 직장인,88,24900
2026-07-23 04:54,372,허닭,달걀1.9개분량 허닭BITE 실온 바삭 담백한 닭가슴살칩 25g 5팩,2,16900
2026-07-23 04:54,373,내츄럴플러스,내츄럴플러스 아르기닌 7000 오르니틴 부스터샷 15포 1박스 / 블루베리맛 아르지닌 타우린,6,13900
2026-07-23 04:54,374,동국제약,동국제약 마이핏 프리미엄 액상형 마시는 알부민 스틱 14포 2박스,3218,15900
2026-07-23 04:54,375,CJ웰케어,올리브영1위 [혈당&체지방 감소] 이너비 슬리밍샷 1박스(6입),712,14900
2026-07-23 04:54,376,바르닭,바르닭 간편한끼 현미곤약밥바 4종 세트 (총 8팩),3,14900
2026-07-23 04:54,377,건강식품,맛있는 애사비 구미 골리 비타민젤리 애플사이다비니거 저당 구미 180g (3g x 60개입),3884,29900
2026-07-23 04:54,378,프롬바이오,운동 선물 추천 고함량 아르기닌 6000맥스 14포 1박스 비타민B 카르니틴 BCAA 블랙마카 러닝 + 친구 생일 직장인 선물,29,12900
2026-07-23 04:54,379,삼대오백,[선물 건강 패키지]삼대오백 아르기닌 6300 22g 2BOX 아르기닌 헬스 운동 부스터,341,29900
2026-07-23 04:54,380,내츄럴플러스,내츄럴플러스 마시는 아미노 포도당 에너지업 1박스+쇼핑백 /아미노산 마시는 포도당,79,13500
2026-07-23 04:54,381,허닭,허닭 닭가슴살 볶음밥도시락 250g 6종 6팩,356,28900
2026-07-23 04:54,382,다신샵,"치킨보다 좋아 ""치킨보다 좋아"" 저당 닭가슴살 꿔바로우&마라꿔바로우&칠리깐풍기 6팩",198,24500
2026-07-23 04:54,383,바르닭,셀렉트밀 소스 닭가슴살 5종 혼합 세트 (총 5팩),61,12900
2026-07-23 04:54,384,삼대오백,삼대오백 히말라야 핑크솔트 천일암염 1.5g x 30포 2박스,37,10900
2026-07-23 04:54,385,에버콜라겐,"저분자콜라겐,촉촉한 [메시지카드,쇼핑백 증정] + 에버콜라겐 인앤업 비오틴 업 (6주분 X 1병)",849,39900
2026-07-23 04:54,386,한끼통살,[한끼통살] 치밥/후식/영양 주먹밥 10종 택1(10팩),426,15900
2026-07-23 04:54,387,삼대오백,[초복]삼대오백 맛있고 간편한 실온 닭가슴살 100g 10팩 신규맛 출시 고단백질,2369,29900
2026-07-23 04:54,388,내츄럴플러스,내츄럴플러스 마시는 활력 알부민 20g 15포 1박스,3,8900
2026-07-23 04:54,389,다신샵,빵순아 빵먹자 NO밀가루 저탄수 식단빵 23종 마음대로 골라담기 / 프로틴빵 베이글 비건빵 초코파이 치즈케이크,684,24900
2026-07-23 04:54,390,프롬잇,"""특별한 속세맛"" 프롬잇 저당 단백질쉐이크 2가지맛 총 6봉",5314,29900
2026-07-23 04:54,391,셀렉스,프로핏 100% WPI 프로틴 음료 330ml 12팩 초콜릿,29,28900
2026-07-23 04:54,392,대웅제약,지친하루 회복선물! 대웅제약 에너씨슬 회복샷 10개입 [식물성 멜라토닌+테아닌] (타트체리맛) 직장인/수험생 선물,3728,29900
2026-07-23 04:54,393,마이프로틴,"유럽 NO.1 마이프로틴 드링크 340ml, 2종 24개",18,59400
2026-07-23 04:54,394,대상웰라이프,에너지젤프로 파인애플맛 체험팩 증정 1등 운동러 필수템 뉴케어 스포식스 에너지젤3종 택1 1BOX(8포),202,14900
2026-07-23 04:54,395,꼬박꼬밥,단독/쇼핑백 [1+1]꼬박꼬밥 식사대용 단백질 쉐이크 선물세트,27,42000
2026-07-23 04:54,396,랩노쉬,청량한 무한탄산 제로소다 [클룹] 제로소다 500ml 24개입 6종(레몬/포도/복숭아/파인애플/청사과/소다),59,28740
2026-07-23 04:54,397,허닭,초간편! 허닭ON 촉촉 실온 닭가슴살 120g 6종 12팩,107,32900
2026-07-23 04:54,398,다이어트식품,[단독+텀블러 증정] 얌티 5종 세트 50개입,9006,39800
2026-07-23 04:54,399,뉴케어,가벼운 하루 선물! '고 식이섬유&당 제로 음료' 뉴케어 식이섬유 2종 12입 택 1,27,20900
2026-07-23 04:54,400,헬스보충제,[킹콩팩토리] 머슬킹콩 131 프로틴 2kg (초코),354,42900
2026-07-23 04:54,401,메디트리,씹어먹는 애사비 오독오독 애사비 크런치 볼 30포 1박스 식초 사과초모 발효식초,5756,15500
2026-07-23 04:54,402,데일리,커피증정 EVENT [에코백 증정] 주토피아 에디션 데일리 멀티비타민&에센셜 젤리스틱 2박스+플러쉬 키링 선물세트,3907,36900
2026-07-23 04:54,403,오니스트,[부모님선물/Heart Edition] 오니스트 이너뷰티 3종 기프트 세트,67,106500
2026-07-23 04:54,404,롯데식품관,"[롯데백화점/롯데식품관][비티비티] BTBT 프로틴 워터젤리 (WPI 12g ,무설탕,저칼로리) 10개입",2,26100
2026-07-23 04:54,405,GNM자연의품격,황산화 건강을 위한 GNM 코엔자임Q10 비타민 미네랄 10종 3박스 (3개월분) / 코큐텐 비타민B 비오틴 엽산 아연,223,26900
2026-07-23 04:54,406,헬스헬퍼,항산화 피부관리 공복루틴 맥스컷 유기농 올레샷 베르가못 14포 1박스,10,22900
2026-07-23 04:54,407,삼대오백,"""For 운동하는 헬스인""  삼대오백 WPC 2kg통 프로틴 파우더 단백질 헬스보충제 초코맛 2kg",498,87900
2026-07-23 04:54,408,로엘,에너지넘치는하루 [쇼핑백증정!] 로엘 웰업 L-아르기닌6000 젤리스틱 (25gx14포) 2박스/타우린함유,65,23800
2026-07-23 04:54,409,일동후디스,"""단백질 31g"" 하이뮨 프로틴 밸런스 액티브 다크초코(330ml*12입) 2박스",51,54900
2026-07-23 04:54,410,동국제약,임신준비 출산선물 신혜선PICK 동국제약 마이핏V 콜린 이노시톨 4000 1박스+쇼핑백 / 임신준비 출산 결혼신혼선물,155,24900
2026-07-23 04:54,411,오니스트,[Ownist Garden Edition] 트리플샤인 2박스(28개입),31,79800
2026-07-23 04:54,412,슬림웨이,역가수치 120만 슬림웨이 카무트 브랜드밀 발효효소 30포 X 3박스 (3개월분) + 쇼핑백 증정,115,40900
2026-07-23 04:54,413,랩노쉬,52g 고단백 [랩노쉬] 프로틴 드링크 맥스 400ml 12개입,1297,45900
2026-07-23 04:54,414,동국제약,간편하게 올레샷 동국제약 유기농 엑스트라버진 올리브오일 1박스+유기농 레몬즙 1박스 올레샷 세트,211,24900
2026-07-23 04:54,415,한끼통살,[한끼통살] 현미 크리스피 닭가슴살 4종 택1 (90gX20팩),44,55000
2026-07-23 04:54,416,한끼통살,[한끼통살] 닭가슴살 촉촉 10팩세트(소스통살5+스테이크5),290,19900
2026-07-23 04:54,417,CJ웰케어,정성담은 활력선물 [고함량 에너지/수험생] 블랙99 흑삼 아르기닌 & 타우린 2박스 (블루베리맛),271,19800
2026-07-23 04:54,418,알디콤,[1포 추가 증정] 알디콤A 5포입 1개,230,10870
2026-07-23 04:54,419,허닭,식단관리 추천템 허닭FIT 다이어트 저당 도시락 260g 5종 5팩,96,25900
2026-07-23 04:54,420,종근당,에너지 비타민 테아닌 데일리케어 구미 3종 60구미 릴렉스 비타민B 애사비 제로슈가 젤리 직장인 선물,4502,16800
2026-07-23 04:54,421,한끼통살,[한끼통살] 든든 10팩세트(그릴드6+소시지더블형4),40,20100
2026-07-23 04:54,422,바이탈뷰티,소중한 사람을 위한 [Best 선물추천] 센스있는 여친선물 저분자 액상 콜라겐 14입 선물세트,1400,28000
2026-07-23 04:54,423,메디트리,마시는 샐러드 분말 클렌즈 2박스 식이섬유 파이토 케미컬 영양제 케일 피토 그린,6,29900
2026-07-23 04:54,424,삼대오백,[운동/선물]삼대오백 BCAA오리지널+ 글루타민300g 제로 아미노산 헬스,238,34900
2026-07-23 04:54,425,셀렉스,프로핏 100% WPI 프로틴 음료 330ml 12팩 코코넛,8,28900
2026-07-23 04:54,426,다신샵,125kcal 클린식단 오늘은마녀스프 2주세트(14팩),118,48700
2026-07-23 04:54,427,바르닭,바르닭 간편 꼬치 간식 술안주 닭가슴살 소시지 어묵 대용량세트 (총50팩),3,64800
2026-07-23 04:54,428,네이처드림,역가수치 92만 [컬리케일 증정] 골드 카무트 브랜드밀 함유 발효효소 30포 2박스/고함량/고역가/곡물효소,89,29900
2026-07-23 04:54,429,다신샵,득근! 고단백식단 닭신 닭가슴살 46종 마음대로 골라담기 / 그릴드 소스닭가슴살 닭안심살 닭다리 스테이크 소시지,157,16900
2026-07-23 04:54,430,대상웰라이프,센스있는 건강간식 뉴케어 고칼슘 영양갱 셀렉션 선물세트 16입(고구마맛8입+팥맛8입) 1BOX,42,34900
2026-07-23 04:54,431,메디슨벨,핫걸은 마샐 못참죠 메디슨벨 마시는 샐러드 3g x 14포 마샐 닥터벨 식이섬유 동결건조 하루야채 생식,67,31000
2026-07-23 04:54,432,데일리,"제로슈가로 걱정없이 [쇼핑백 증정] 데일리구미 제로슈가 파우치 4종세트 (멀티비타민, 비타민C, 유산균, 애사비)",4354,12900
2026-07-23 04:54,433,종근당,포텐겔 에너지 2박스 아미노산 알라닌 프롤린 비타민B,17,28700
2026-07-23 04:54,434,글루어트,간편한 포켓샐러드 [글루어트] 베지스타터 식이섬유 유산균 3종 택1 (자몽맛/요구르트맛/사과맛),3590,30000
2026-07-23 04:54,435,뉴트리원,"비비랩 듀얼샷 지중해식 건강 1포 [뉴트리원] 하지원Pick! 유기농 올리브엔토마토샷 (1박스/10포) / 지중해, 올리브오일, 토마토, 올토샷",909,29900
2026-07-23 04:54,436,다신샵,단백질 충전 단백할시간 통곡물 프로틴바 블랙&화이트 2박스(35gx20개입) 에너지바 운동간식 식단,149,27900
2026-07-23 04:54,437,내츄럴플러스,내츄럴플러스 혈당컷 체지방 다이어트 60정 2박스(4개월분) / 카테킨 바나바잎추출물 비오틴,20,23900
2026-07-23 04:54,438,익스트림,선물포장 아름다움 선물 저분자 콜라겐 글루타치온 아르기닌 화이트 3X 1박스 15포 + 아르기닌 추가 증정,306,15900
2026-07-23 04:54,439,메리루스,"""맛있는 건강 선물"" 메리루스 비타민C, D 구미 1개 2개월분 / 어린이 비타민 젤리",88,27900
2026-07-23 04:54,440,슬림웨이,역가수치 100만 슬림웨이 파인애플 브로멜라인 효소 X 3박스 (3개월분) + 쇼핑백 증정,71,35900
2026-07-23 04:54,441,푸드올로지,"[보틀 증정] 따뜻한 물만 붓기, 가벼운 내일을 위한 카페인 제로 백년초 호박티 (20개입)",2344,17800
2026-07-23 04:54,442,랩노쉬,단백질 디저트 추천 [랩노쉬] 프로틴 웨하스 선물세트 2종 6개입,195,19900
2026-07-23 04:54,443,데일리,주디 인형 키링증정 [에코백 증정] 주토피아 에디션 데일리 콜라겐&NMN 젤리스틱 2박스+플러쉬 키링 선물세트,5942,54900
2026-07-23 04:54,444,GNM자연의품격,콜라겐구미 증정 GNM 이성경 석류콜라겐젤리 스틱 4박스 (총 60포),701,38900
2026-07-23 04:54,445,오니스트,고함량비오틴 부모님선물추천 [부모님선물/고함량비오틴/케라틴] 오니스트 케라그로우 망고 28포 4주,97,69800
2026-07-23 04:54,446,랩노쉬,한정판 기프트박스 [에반게리온]클룹 스프린트 에너지드링크 4종 & 보틀 기프트박스,3101,49900
2026-07-23 04:54,447,바이탈뷰티,"[물 붓기만 하면 완성] ""가볍고 날렵하게 하루 한 잔"" 메타그린 클린티 10입",30,21200
2026-07-23 04:54,448,슬림웨이,"""초저분자 콜라겐"" 슬림웨이 엘라스틴 콜라겐 젤리 스틱 14포 x 2박스 (4주분) + 쇼핑백 증정",11,34000
2026-07-23 04:54,449,뉴트리원,"말차맛 효소 [뉴트리원] 비비랩 효소 말차라떼맛 20포 (20일분) / 제주 말차, 말차맛, 말차라떼",24,14900
2026-07-23 04:54,450,GNM자연의품격,GNM 애사비 애플 사이다 비니거 사과 식초 젤리 포켓 14포 X 3박스/ 사과주스 구미,16,29800
2026-07-23 04:54,451,플라이밀,상온보관 플라이밀 마녀스프 마라치킨 300g x 5팩,30,36500
2026-07-23 04:54,452,휴럼,멀티 케어 솔루션 [휴럼] 아이엠미 리포좀 글루타치온 & 애플민트 수퍼 화이트 1박스 인지질 코팅,11,26000
2026-07-23 04:54,453,에이치엘사이언스,고함량 알파CD 원핏 제로파우더 2박스 (40포),9,34900
2026-07-23 04:54,454,종근당건강,락토조이 오늘비움 스트롱 1박스(6입),32,29900
2026-07-23 04:54,455,닥터데이알,[1+1] 무카페인 편안한 밤 흑하랑상추 딥 나잇 티 (+ 딥 나잇 티 1박스 추가 증정),0,25800
2026-07-23 04:54,456,종근당건강,종근당건강 아임비타 멀티비타민 멀티비타민 아르기닌샷 레몬맛(액상+정제 2정) 28포,0,40900
2026-07-23 04:54,457,랩노쉬,[클룹] 스프린트 진격의거인 에너지 드링크 500ml 4종 12개 골라담기,1,18780
2026-07-23 04:54,458,뉴케어,마음담은 건강선물 뉴케어 완전균형영양식 미니 구수한맛/검은깨맛 150ml 16입(1BOX) 2종 택1,1,24900
2026-07-23 04:54,459,푸드올로지,"[거꾸로 식사법] 식전 채소 한 포, 마인드풀 샐러드 스틱",21,16800
2026-07-23 04:54,460,뉴케어,식단관리 추천템 뉴케어 당플랜 노스파이크 식전루틴24 30입 1박스,0,22900
2026-07-23 04:54,461,마이프로틴,"유럽 NO.1 마이프로틴 버라이어티팩 9종 맛보기 SET (쉐이크 4종, 바 3종, 드링크 2종) 식사대용 간식",5,26900
2026-07-23 04:54,462,마이프로틴,"유럽 NO.1 마이프로틴 드링크 340ml, 2종 18개",1,47600
2026-07-23 04:54,463,일동헬스케어,"""물대신 상큼하게 한잔"" 지큐랩 티톡티 2박스(총 30포) 열대과일맛 무설탕 자연유래성분",0,38000
2026-07-23 04:54,464,산과들에,간편&든든한 한 끼 [총 60봉] 더 고소한 미숫가루 스틱 2종 혼합 (오리지널/블랙 각 30봉),1,21900
2026-07-23 04:54,465,메디트리,마시는 샐러드 분말 클렌즈 1박스 식이섬유 파이토 케미컬 영양제 케일 피토 그린,143,15500
2026-07-23 04:54,466,동국제약,"3중기능성 한번에 ""비오틴본품+정수리패드증정"" 동국제약 마이핏 모발 저분자콜라겐 1박스 모발+피부건강+피부보습 동시케어 여성 여자친구 선물",5,32900
2026-07-23 04:54,467,바르닭,선물하기 단독 바르닭 닭가슴살 볶음밥 9990원 골라담기 무료배송,5,9990
2026-07-23 04:54,468,에버콜라겐,"피부보습,액상콜라겐 ""히알루론산 마시는 수분앰플"" 에버콜라겐 워터풀앰플 14개입 (2주분)",0,29000
2026-07-23 04:54,469,롯데식품관,[롯데백화점/롯데식품관]햇빛고을 쪄서 볶은 서리태 콩가루 스틱 20g*30포*2박스,1,30950
2026-07-23 04:54,470,롯데식품관,[롯데백화점/롯데식품관]햇빛고을 쪄서 볶은 서리태 콩가루 스틱 20g*30포*4박스,0,51320
2026-07-23 04:54,471,네이처드림,하루채움 샐러드 캔디 2g 30정 2박스+쇼핑백/식이섬유/야채/채소/과일,4,24900
2026-07-23 04:54,472,네이처드림,하루채움 샐러드 캔디 2g 30정 1박스+쇼핑백/식이섬유/야채/채소/과일,7,12900
2026-07-23 04:54,473,네이처드림,[선물박스] 식물성 멜라토닌 5mg함유 템포 플러스 500mg 30정 2박스/타트체리/테아닌/트립토판,2,19900
2026-07-23 04:54,474,네이처드림,식물성 멜라토닌 5mg함유 템포 플러스 500mg 30정 1박스+쇼핑백/타트체리/테아닌/트립토판,2,10900
2026-07-23 04:54,475,네이처드림,[선물박스] 리얼 유기농 푸룬즙100 20g 14포 2박스/NFC 푸룬주스/푸룬농축액,1,16900
2026-07-23 04:54,476,네이처드림,리얼 유기농 푸룬즙100 20g 14포 1박스+쇼핑백/NFC 푸룬주스/푸룬농축액,0,9500
2026-07-23 04:54,477,글루어트,"""텀블러 증정"" [단독] 글루어트 '진저진저 좋아해' 기획 SET (애사비 유자진저5+텀블러1+쇼핑백1)",4041,50000
2026-07-23 04:54,478,글루어트,"""텀블러 증정"" [단독] 글루어트 '기운 체리세요' 기획 SET (애사비 타트체리5+텀블러1+쇼핑백1)",4320,50000
2026-07-23 04:54,479,꼬박꼬밥,"[박스포장] 꼬박꼬밥 서리태 무가당 맷돌두유 콩물두유 2세트(30포, 190ml)",0,45000
2026-07-23 04:54,480,꼬박꼬밥,"[박스포장] 꼬박꼬밥 서리태 무가당 맷돌두유 콩물두유 1세트(15포, 190ml)",2,30900
2026-07-23 04:54,481,래오이경제,이경제 더힘찬 선식100 2박스(60포) 저당 간편 아침식사대용,1,58500
2026-07-23 04:54,482,일동후디스,하이뮨 액티브 프로틴 쉐이크 파우치(너티초코/딸기요거트/제주말차),0,43800
2026-07-23 04:54,483,래오이경제,래오이경제 더힘찬 선식 100 1박스(30포) 로우슈거 저당 아침 식사대용,1,28000
2026-07-23 04:54,484,프롬잇,"""초코먹고 힘내"" 당을 쏙 뺀 달콤한 단백질 초코간식세트 (단백질과자5개+저당초코볼5개)",12,35900
2026-07-23 04:54,485,프롬잇,"""입터짐 수호천사"" 속세맛 9종 프롬잇 단백질 간식 세트 (프로틴칩7종+프로틴킥2종)",22,27900
2026-07-23 04:54,486,프롬잇,"""식단선물 끝판왕"" 속세맛 12종 프롬잇 단백질 충전 세트 (쉐이크2종+단백질과자9종+저당초코볼)",19,46900
2026-07-23 04:54,487,프롬잇,"""운동하고 먹어"" 속세맛 9종 프롬잇 단백질 충전 세트 (쉐이크2종+단백질과자7종)",9,39900
2026-07-23 04:54,488,스위치온,스위치온 엔온효소 30포 3박스,1,56700
2026-07-23 04:54,489,익스트림,텀블러 증정 수분충전 익스트림 수분 이온젤 7개입 X 1박스 (일주일분) + 텀블러 증정,2,10500
2026-07-23 04:54,490,뉴트리원,오메가 1:4 비율 [뉴트리원] 유기농 냉압착 호두오일 100 % 1박스,0,18900
2026-07-23 04:54,491,뉴트리원,[뉴트리원] 헤링오일 오메가3-9-11 1박스 1개월분 캡슐,0,19900
2026-07-23 04:54,492,네이처드림,황제 양태반 20g x 30병 1박스/쇼핑백 포함/플라센타,0,150000
2026-07-23 04:54,493,바르닭,선물하기 단독 바르닭 운동인 식단 오리지널 닭가슴살 득근 세트 (총 30팩),2,53800
2026-07-23 04:54,494,네이처드림,[선물박스] 퓨어 블루베리 퓨레100 20g 14포 2박스/안토시아닌,2,19900
2026-07-23 04:54,495,네이처드림,퓨어 블루베리 퓨레100 20g 14포 1박스+쇼핑백/안토시아닌,0,10900
2026-07-23 04:54,496,리얼닥터,맛있는 콜라겐 [1개월분][풍성한 에너지] 리얼닥터 저분자 콜라겐 펩타이드 고함량 비오틴 10000 단케이스 / 피쉬콜라겐,0,20000
2026-07-23 04:54,497,뉴트리디데이,뉴트리디데이 파라다이스 그레인 번 데일리팩 x 2박스 총28포,3,39900
2026-07-23 04:54,498,일동헬스케어,맛있는쾌변선물 비오비타 우리가족 쾌변젤리 골드 20포 2박스 식이섬유젤리 청사과맛,3,44000
2026-07-23 04:54,499,홀리데이즈,"""식단 걱정 끝! 가벼운 하루 루틴"" 알파CD 알파시클로덱스트린 15포 2박스",0,13900
2026-07-23 04:54,500,홀리데이즈,"""식단 걱정 끝! 가벼운 하루 루틴"" 알파CD 알파시클로덱스트린 15포 1박스",0,7900
